Filename,Title,Keywords,Category
"001.svg","Carnation translucent flower vector illustration","carnation, flower vector, floral vector, botanical illustration, transparent background, vector illustration, botanical, flower, floral, nature, translucent, luminous, glowing, gradient, geometric, abstract, decorative, elegant, modern, colorful, iridescent, prismatic, transparent, isolated, design element, digital art, scalable, editable, graphic, ornamental, botanical art, floral design, nature illustration, creative, contemporary, futuristic, visual design, background element, web design, branding, poster design, presentation, print design, wallpaper, template","14"
"002.svg","Cosmos translucent flower vector illustration","cosmos, flower vector, floral vector, botanical illustration, transparent background, vector illustration, botanical, flower, floral, nature, translucent, luminous, glowing, gradient, geometric, abstract, decorative, elegant, modern, colorful, iridescent, prismatic, transparent, isolated, design element, digital art, scalable, editable, graphic, ornamental, botanical art, floral design, nature illustration, creative, contemporary, futuristic, visual design, background element, web design, branding, poster design, presentation, print design, wallpaper, template","14"
"003.svg","Marigold translucent flower vector illustration","marigold, flower vector, floral vector, botanical illustration, transparent background, vector illustration, botanical, flower, floral, nature, translucent, luminous, glowing, gradient, geometric, abstract, decorative, elegant, modern, colorful, iridescent, prismatic, transparent, isolated, design element, digital art, scalable, editable, graphic, ornamental, botanical art, floral design, nature illustration, creative, contemporary, futuristic, visual design, background element, web design, branding, poster design, presentation, print design, wallpaper, template","14"
"004.svg","Snapdragon translucent flower vector illustration","snapdragon, flower vector, floral vector, botanical illustration, transparent background, vector illustration, botanical, flower, floral, nature, translucent, luminous, glowing, gradient, geometric, abstract, decorative, elegant, modern, colorful, iridescent, prismatic, transparent, isolated, design element, digital art, scalable, editable, graphic, ornamental, botanical art, floral design, nature illustration, creative, contemporary, futuristic, visual design, background element, web design, branding, poster design, presentation, print design, wallpaper, template","14"
"005.svg","Foxglove translucent flower vector illustration","foxglove, flower vector, floral vector, botanical illustration, transparent background, vector illustration, botanical, flower, floral, nature, translucent, luminous, glowing, gradient, geometric, abstract, decorative, elegant, modern, colorful, iridescent, prismatic, transparent, isolated, design element, digital art, scalable, editable, graphic, ornamental, botanical art, floral design, nature illustration, creative, contemporary, futuristic, visual design, background element, web design, branding, poster design, presentation, print design, wallpaper, template","14"
"006.svg","Freesia translucent flower vector illustration","freesia, flower vector, floral vector, botanical illustration, transparent background, vector illustration, botanical, flower, floral, nature, translucent, luminous, glowing, gradient, geometric, abstract, decorative, elegant, modern, colorful, iridescent, prismatic, transparent, isolated, design element, digital art, scalable, editable, graphic, ornamental, botanical art, floral design, nature illustration, creative, contemporary, futuristic, visual design, background element, web design, branding, poster design, presentation, print design, wallpaper, template","14"
"007.svg","Hyacinth translucent flower vector illustration","hyacinth, flower vector, floral vector, botanical illustration, transparent background, vector illustration, botanical, flower, floral, nature, translucent, luminous, glowing, gradient, geometric, abstract, decorative, elegant, modern, colorful, iridescent, prismatic, transparent, isolated, design element, digital art, scalable, editable, graphic, ornamental, botanical art, floral design, nature illustration, creative, contemporary, futuristic, visual design, background element, web design, branding, poster design, presentation, print design, wallpaper, template","14"
"008.svg","Lavender translucent flower vector illustration","lavender, flower vector, floral vector, botanical illustration, transparent background, vector illustration, botanical, flower, floral, nature, translucent, luminous, glowing, gradient, geometric, abstract, decorative, elegant, modern, colorful, iridescent, prismatic, transparent, isolated, design element, digital art, scalable, editable, graphic, ornamental, botanical art, floral design, nature illustration, creative, contemporary, futuristic, visual design, background element, web design, branding, poster design, presentation, print design, wallpaper, template","14"
"009.svg","Lilac translucent flower vector illustration","lilac, flower vector, floral vector, botanical illustration, transparent background, vector illustration, botanical, flower, floral, nature, translucent, luminous, glowing, gradient, geometric, abstract, decorative, elegant, modern, colorful, iridescent, prismatic, transparent, isolated, design element, digital art, scalable, editable, graphic, ornamental, botanical art, floral design, nature illustration, creative, contemporary, futuristic, visual design, background element, web design, branding, poster design, presentation, print design, wallpaper, template","14"
"010.svg","Hydrangea translucent flower vector illustration","hydrangea, flower vector, floral vector, botanical illustration, transparent background, vector illustration, botanical, flower, floral, nature, translucent, luminous, glowing, gradient, geometric, abstract, decorative, elegant, modern, colorful, iridescent, prismatic, transparent, isolated, design element, digital art, scalable, editable, graphic, ornamental, botanical art, floral design, nature illustration, creative, contemporary, futuristic, visual design, background element, web design, branding, poster design, presentation, print design, wallpaper, template","14"
"011.svg","Petunia translucent flower vector illustration","petunia, flower vector, floral vector, botanical illustration, transparent background, vector illustration, botanical, flower, floral, nature, translucent, luminous, glowing, gradient, geometric, abstract, decorative, elegant, modern, colorful, iridescent, prismatic, transparent, isolated, design element, digital art, scalable, editable, graphic, ornamental, botanical art, floral design, nature illustration, creative, contemporary, futuristic, visual design, background element, web design, branding, poster design, presentation, print design, wallpaper, template","14"
"012.svg","Pansy translucent flower vector illustration","pansy, flower vector, floral vector, botanical illustration, transparent background, vector illustration, botanical, flower, floral, nature, translucent, luminous, glowing, gradient, geometric, abstract, decorative, elegant, modern, colorful, iridescent, prismatic, transparent, isolated, design element, digital art, scalable, editable, graphic, ornamental, botanical art, floral design, nature illustration, creative, contemporary, futuristic, visual design, background element, web design, branding, poster design, presentation, print design, wallpaper, template","14"
"013.svg","Viola translucent flower vector illustration","viola, flower vector, floral vector, botanical illustration, transparent background, vector illustration, botanical, flower, floral, nature, translucent, luminous, glowing, gradient, geometric, abstract, decorative, elegant, modern, colorful, iridescent, prismatic, transparent, isolated, design element, digital art, scalable, editable, graphic, ornamental, botanical art, floral design, nature illustration, creative, contemporary, futuristic, visual design, background element, web design, branding, poster design, presentation, print design, wallpaper, template","14"
"014.svg","Begonia translucent flower vector illustration","begonia, flower vector, floral vector, botanical illustration, transparent background, vector illustration, botanical, flower, floral, nature, translucent, luminous, glowing, gradient, geometric, abstract, decorative, elegant, modern, colorful, iridescent, prismatic, transparent, isolated, design element, digital art, scalable, editable, graphic, ornamental, botanical art, floral design, nature illustration, creative, contemporary, futuristic, visual design, background element, web design, branding, poster design, presentation, print design, wallpaper, template","14"
"015.svg","Azalea translucent flower vector illustration","azalea, flower vector, floral vector, botanical illustration, transparent background, vector illustration, botanical, flower, floral, nature, translucent, luminous, glowing, gradient, geometric, abstract, decorative, elegant, modern, colorful, iridescent, prismatic, transparent, isolated, design element, digital art, scalable, editable, graphic, ornamental, botanical art, floral design, nature illustration, creative, contemporary, futuristic, visual design, background element, web design, branding, poster design, presentation, print design, wallpaper, template","14"
"016.svg","Rhododendron translucent flower vector illustration","rhododendron, flower vector, floral vector, botanical illustration, transparent background, vector illustration, botanical, flower, floral, nature, translucent, luminous, glowing, gradient, geometric, abstract, decorative, elegant, modern, colorful, iridescent, prismatic, transparent, isolated, design element, digital art, scalable, editable, graphic, ornamental, botanical art, floral design, nature illustration, creative, contemporary, futuristic, visual design, background element, web design, branding, poster design, presentation, print design, wallpaper, template","14"
"017.svg","Jasmine translucent flower vector illustration","jasmine, flower vector, floral vector, botanical illustration, transparent background, vector illustration, botanical, flower, floral, nature, translucent, luminous, glowing, gradient, geometric, abstract, decorative, elegant, modern, colorful, iridescent, prismatic, transparent, isolated, design element, digital art, scalable, editable, graphic, ornamental, botanical art, floral design, nature illustration, creative, contemporary, futuristic, visual design, background element, web design, branding, poster design, presentation, print design, wallpaper, template","14"
"018.svg","Honeysuckle translucent flower vector illustration","honeysuckle, flower vector, floral vector, botanical illustration, transparent background, vector illustration, botanical, flower, floral, nature, translucent, luminous, glowing, gradient, geometric, abstract, decorative, elegant, modern, colorful, iridescent, prismatic, transparent, isolated, design element, digital art, scalable, editable, graphic, ornamental, botanical art, floral design, nature illustration, creative, contemporary, futuristic, visual design, background element, web design, branding, poster design, presentation, print design, wallpaper, template","14"
"019.svg","Bougainvillea translucent flower vector illustration","bougainvillea, flower vector, floral vector, botanical illustration, transparent background, vector illustration, botanical, flower, floral, nature, translucent, luminous, glowing, gradient, geometric, abstract, decorative, elegant, modern, colorful, iridescent, prismatic, transparent, isolated, design element, digital art, scalable, editable, graphic, ornamental, botanical art, floral design, nature illustration, creative, contemporary, futuristic, visual design, background element, web design, branding, poster design, presentation, print design, wallpaper, template","14"
"020.svg","Wisteria translucent flower vector illustration","wisteria, flower vector, floral vector, botanical illustration, transparent background, vector illustration, botanical, flower, floral, nature, translucent, luminous, glowing, gradient, geometric, abstract, decorative, elegant, modern, colorful, iridescent, prismatic, transparent, isolated, design element, digital art, scalable, editable, graphic, ornamental, botanical art, floral design, nature illustration, creative, contemporary, futuristic, visual design, background element, web design, branding, poster design, presentation, print design, wallpaper, template","14"
"021.svg","Morning Glory translucent flower vector illustration","morning glory, flower vector, floral vector, botanical illustration, transparent background, vector illustration, botanical, flower, floral, nature, translucent, luminous, glowing, gradient, geometric, abstract, decorative, elegant, modern, colorful, iridescent, prismatic, transparent, isolated, design element, digital art, scalable, editable, graphic, ornamental, botanical art, floral design, nature illustration, creative, contemporary, futuristic, visual design, background element, web design, branding, poster design, presentation, print design, wallpaper, template","14"
"022.svg","Moonflower translucent flower vector illustration","moonflower, flower vector, floral vector, botanical illustration, transparent background, vector illustration, botanical, flower, floral, nature, translucent, luminous, glowing, gradient, geometric, abstract, decorative, elegant, modern, colorful, iridescent, prismatic, transparent, isolated, design element, digital art, scalable, editable, graphic, ornamental, botanical art, floral design, nature illustration, creative, contemporary, futuristic, visual design, background element, web design, branding, poster design, presentation, print design, wallpaper, template","14"
"023.svg","Calendula translucent flower vector illustration","calendula, flower vector, floral vector, botanical illustration, transparent background, vector illustration, botanical, flower, floral, nature, translucent, luminous, glowing, gradient, geometric, abstract, decorative, elegant, modern, colorful, iridescent, prismatic, transparent, isolated, design element, digital art, scalable, editable, graphic, ornamental, botanical art, floral design, nature illustration, creative, contemporary, futuristic, visual design, background element, web design, branding, poster design, presentation, print design, wallpaper, template","14"
"024.svg","Aster translucent flower vector illustration","aster, flower vector, floral vector, botanical illustration, transparent background, vector illustration, botanical, flower, floral, nature, translucent, luminous, glowing, gradient, geometric, abstract, decorative, elegant, modern, colorful, iridescent, prismatic, transparent, isolated, design element, digital art, scalable, editable, graphic, ornamental, botanical art, floral design, nature illustration, creative, contemporary, futuristic, visual design, background element, web design, branding, poster design, presentation, print design, wallpaper, template","14"
"025.svg","Cornflower translucent flower vector illustration","cornflower, flower vector, floral vector, botanical illustration, transparent background, vector illustration, botanical, flower, floral, nature, translucent, luminous, glowing, gradient, geometric, abstract, decorative, elegant, modern, colorful, iridescent, prismatic, transparent, isolated, design element, digital art, scalable, editable, graphic, ornamental, botanical art, floral design, nature illustration, creative, contemporary, futuristic, visual design, background element, web design, branding, poster design, presentation, print design, wallpaper, template","14"
"026.svg","Forget-Me-Not translucent flower vector illustration","forget-me-not, flower vector, floral vector, botanical illustration, transparent background, vector illustration, botanical, flower, floral, nature, translucent, luminous, glowing, gradient, geometric, abstract, decorative, elegant, modern, colorful, iridescent, prismatic, transparent, isolated, design element, digital art, scalable, editable, graphic, ornamental, botanical art, floral design, nature illustration, creative, contemporary, futuristic, visual design, background element, web design, branding, poster design, presentation, print design, wallpaper, template","14"
"027.svg","Delphinium translucent flower vector illustration","delphinium, flower vector, floral vector, botanical illustration, transparent background, vector illustration, botanical, flower, floral, nature, translucent, luminous, glowing, gradient, geometric, abstract, decorative, elegant, modern, colorful, iridescent, prismatic, transparent, isolated, design element, digital art, scalable, editable, graphic, ornamental, botanical art, floral design, nature illustration, creative, contemporary, futuristic, visual design, background element, web design, branding, poster design, presentation, print design, wallpaper, template","14"
"028.svg","Lupine translucent flower vector illustration","lupine, flower vector, floral vector, botanical illustration, transparent background, vector illustration, botanical, flower, floral, nature, translucent, luminous, glowing, gradient, geometric, abstract, decorative, elegant, modern, colorful, iridescent, prismatic, transparent, isolated, design element, digital art, scalable, editable, graphic, ornamental, botanical art, floral design, nature illustration, creative, contemporary, futuristic, visual design, background element, web design, branding, poster design, presentation, print design, wallpaper, template","14"
"029.svg","Hollyhock translucent Christmas vector illustration","hollyhock, flower vector, floral vector, botanical illustration, transparent background, vector illustration, holiday, Christmas, festive, winter, seasonal, translucent, luminous, glowing, gradient, geometric, abstract, decorative, elegant, colorful, iridescent, prismatic, transparent, isolated, design element, digital art, scalable, editable, graphic, ornamental, celebration, Christmas decoration, holiday design, seasonal design, creative, contemporary, futuristic, visual design, background element, web design, branding, poster design, presentation, print design, wallpaper","15"
"030.svg","Sweet Pea translucent flower vector illustration","sweet pea, flower vector, floral vector, botanical illustration, transparent background, vector illustration, botanical, flower, floral, nature, translucent, luminous, glowing, gradient, geometric, abstract, decorative, elegant, modern, colorful, iridescent, prismatic, transparent, isolated, design element, digital art, scalable, editable, graphic, ornamental, botanical art, floral design, nature illustration, creative, contemporary, futuristic, visual design, background element, web design, branding, poster design, presentation, print design, wallpaper, template","14"
"031.svg","Sweet William translucent flower vector illustration","sweet william, flower vector, floral vector, botanical illustration, transparent background, vector illustration, botanical, flower, floral, nature, translucent, luminous, glowing, gradient, geometric, abstract, decorative, elegant, modern, colorful, iridescent, prismatic, transparent, isolated, design element, digital art, scalable, editable, graphic, ornamental, botanical art, floral design, nature illustration, creative, contemporary, futuristic, visual design, background element, web design, branding, poster design, presentation, print design, wallpaper, template","14"
"032.svg","Gladiolus translucent flower vector illustration","gladiolus, flower vector, floral vector, botanical illustration, transparent background, vector illustration, botanical, flower, floral, nature, translucent, luminous, glowing, gradient, geometric, abstract, decorative, elegant, modern, colorful, iridescent, prismatic, transparent, isolated, design element, digital art, scalable, editable, graphic, ornamental, botanical art, floral design, nature illustration, creative, contemporary, futuristic, visual design, background element, web design, branding, poster design, presentation, print design, wallpaper, template","14"
"033.svg","Bleeding Heart translucent flower vector illustration","bleeding heart, flower vector, floral vector, botanical illustration, transparent background, vector illustration, botanical, flower, floral, nature, translucent, luminous, glowing, gradient, geometric, abstract, decorative, elegant, modern, colorful, iridescent, prismatic, transparent, isolated, design element, digital art, scalable, editable, graphic, ornamental, botanical art, floral design, nature illustration, creative, contemporary, futuristic, visual design, background element, web design, branding, poster design, presentation, print design, wallpaper, template","14"
"034.svg","Columbine translucent flower vector illustration","columbine, flower vector, floral vector, botanical illustration, transparent background, vector illustration, botanical, flower, floral, nature, translucent, luminous, glowing, gradient, geometric, abstract, decorative, elegant, modern, colorful, iridescent, prismatic, transparent, isolated, design element, digital art, scalable, editable, graphic, ornamental, botanical art, floral design, nature illustration, creative, contemporary, futuristic, visual design, background element, web design, branding, poster design, presentation, print design, wallpaper, template","14"
"035.svg","Cyclamen translucent flower vector illustration","cyclamen, flower vector, floral vector, botanical illustration, transparent background, vector illustration, botanical, flower, floral, nature, translucent, luminous, glowing, gradient, geometric, abstract, decorative, elegant, modern, colorful, iridescent, prismatic, transparent, isolated, design element, digital art, scalable, editable, graphic, ornamental, botanical art, floral design, nature illustration, creative, contemporary, futuristic, visual design, background element, web design, branding, poster design, presentation, print design, wallpaper, template","14"
"036.svg","Anthurium translucent flower vector illustration","anthurium, flower vector, floral vector, botanical illustration, transparent background, vector illustration, botanical, flower, floral, nature, translucent, luminous, glowing, gradient, geometric, abstract, decorative, elegant, modern, colorful, iridescent, prismatic, transparent, isolated, design element, digital art, scalable, editable, graphic, ornamental, botanical art, floral design, nature illustration, creative, contemporary, futuristic, visual design, background element, web design, branding, poster design, presentation, print design, wallpaper, template","14"
"037.svg","Bromeliad translucent flower vector illustration","bromeliad, flower vector, floral vector, botanical illustration, transparent background, vector illustration, botanical, flower, floral, nature, translucent, luminous, glowing, gradient, geometric, abstract, decorative, elegant, modern, colorful, iridescent, prismatic, transparent, isolated, design element, digital art, scalable, editable, graphic, ornamental, botanical art, floral design, nature illustration, creative, contemporary, futuristic, visual design, background element, web design, branding, poster design, presentation, print design, wallpaper, template","14"
"038.svg","Heliconia translucent flower vector illustration","heliconia, flower vector, floral vector, botanical illustration, transparent background, vector illustration, botanical, flower, floral, nature, translucent, luminous, glowing, gradient, geometric, abstract, decorative, elegant, modern, colorful, iridescent, prismatic, transparent, isolated, design element, digital art, scalable, editable, graphic, ornamental, botanical art, floral design, nature illustration, creative, contemporary, futuristic, visual design, background element, web design, branding, poster design, presentation, print design, wallpaper, template","14"
"039.svg","Passionflower translucent flower vector illustration","passionflower, flower vector, floral vector, botanical illustration, transparent background, vector illustration, botanical, flower, floral, nature, translucent, luminous, glowing, gradient, geometric, abstract, decorative, elegant, modern, colorful, iridescent, prismatic, transparent, isolated, design element, digital art, scalable, editable, graphic, ornamental, botanical art, floral design, nature illustration, creative, contemporary, futuristic, visual design, background element, web design, branding, poster design, presentation, print design, wallpaper, template","14"
"040.svg","Banksia translucent flower vector illustration","banksia, flower vector, floral vector, botanical illustration, transparent background, vector illustration, botanical, flower, floral, nature, translucent, luminous, glowing, gradient, geometric, abstract, decorative, elegant, modern, colorful, iridescent, prismatic, transparent, isolated, design element, digital art, scalable, editable, graphic, ornamental, botanical art, floral design, nature illustration, creative, contemporary, futuristic, visual design, background element, web design, branding, poster design, presentation, print design, wallpaper, template","14"
"041.svg","Lantana translucent flower vector illustration","lantana, flower vector, floral vector, botanical illustration, transparent background, vector illustration, botanical, flower, floral, nature, translucent, luminous, glowing, gradient, geometric, abstract, decorative, elegant, modern, colorful, iridescent, prismatic, transparent, isolated, design element, digital art, scalable, editable, graphic, ornamental, botanical art, floral design, nature illustration, creative, contemporary, futuristic, visual design, background element, web design, branding, poster design, presentation, print design, wallpaper, template","14"
"042.svg","Verbena translucent flower vector illustration","verbena, flower vector, floral vector, botanical illustration, transparent background, vector illustration, botanical, flower, floral, nature, translucent, luminous, glowing, gradient, geometric, abstract, decorative, elegant, modern, colorful, iridescent, prismatic, transparent, isolated, design element, digital art, scalable, editable, graphic, ornamental, botanical art, floral design, nature illustration, creative, contemporary, futuristic, visual design, background element, web design, branding, poster design, presentation, print design, wallpaper, template","14"
"043.svg","Salvia translucent flower vector illustration","salvia, flower vector, floral vector, botanical illustration, transparent background, vector illustration, botanical, flower, floral, nature, translucent, luminous, glowing, gradient, geometric, abstract, decorative, elegant, modern, colorful, iridescent, prismatic, transparent, isolated, design element, digital art, scalable, editable, graphic, ornamental, botanical art, floral design, nature illustration, creative, contemporary, futuristic, visual design, background element, web design, branding, poster design, presentation, print design, wallpaper, template","14"
"044.svg","Geranium translucent flower vector illustration","geranium, flower vector, floral vector, botanical illustration, transparent background, vector illustration, botanical, flower, floral, nature, translucent, luminous, glowing, gradient, geometric, abstract, decorative, elegant, modern, colorful, iridescent, prismatic, transparent, isolated, design element, digital art, scalable, editable, graphic, ornamental, botanical art, floral design, nature illustration, creative, contemporary, futuristic, visual design, background element, web design, branding, poster design, presentation, print design, wallpaper, template","14"
"045.svg","Pelargonium translucent flower vector illustration","pelargonium, flower vector, floral vector, botanical illustration, transparent background, vector illustration, botanical, flower, floral, nature, translucent, luminous, glowing, gradient, geometric, abstract, decorative, elegant, modern, colorful, iridescent, prismatic, transparent, isolated, design element, digital art, scalable, editable, graphic, ornamental, botanical art, floral design, nature illustration, creative, contemporary, futuristic, visual design, background element, web design, branding, poster design, presentation, print design, wallpaper, template","14"
"046.svg","Impatiens translucent flower vector illustration","impatiens, flower vector, floral vector, botanical illustration, transparent background, vector illustration, botanical, flower, floral, nature, translucent, luminous, glowing, gradient, geometric, abstract, decorative, elegant, modern, colorful, iridescent, prismatic, transparent, isolated, design element, digital art, scalable, editable, graphic, ornamental, botanical art, floral design, nature illustration, creative, contemporary, futuristic, visual design, background element, web design, branding, poster design, presentation, print design, wallpaper, template","14"
"047.svg","Nasturtium translucent flower vector illustration","nasturtium, flower vector, floral vector, botanical illustration, transparent background, vector illustration, botanical, flower, floral, nature, translucent, luminous, glowing, gradient, geometric, abstract, decorative, elegant, modern, colorful, iridescent, prismatic, transparent, isolated, design element, digital art, scalable, editable, graphic, ornamental, botanical art, floral design, nature illustration, creative, contemporary, futuristic, visual design, background element, web design, branding, poster design, presentation, print design, wallpaper, template","14"
"048.svg","Yarrow translucent flower vector illustration","yarrow, flower vector, floral vector, botanical illustration, transparent background, vector illustration, botanical, flower, floral, nature, translucent, luminous, glowing, gradient, geometric, abstract, decorative, elegant, modern, colorful, iridescent, prismatic, transparent, isolated, design element, digital art, scalable, editable, graphic, ornamental, botanical art, floral design, nature illustration, creative, contemporary, futuristic, visual design, background element, web design, branding, poster design, presentation, print design, wallpaper, template","14"
"049.svg","Tansy translucent flower vector illustration","tansy, flower vector, floral vector, botanical illustration, transparent background, vector illustration, botanical, flower, floral, nature, translucent, luminous, glowing, gradient, geometric, abstract, decorative, elegant, modern, colorful, iridescent, prismatic, transparent, isolated, design element, digital art, scalable, editable, graphic, ornamental, botanical art, floral design, nature illustration, creative, contemporary, futuristic, visual design, background element, web design, branding, poster design, presentation, print design, wallpaper, template","14"
"050.svg","Chamomile translucent flower vector illustration","chamomile, flower vector, floral vector, botanical illustration, transparent background, vector illustration, botanical, flower, floral, nature, translucent, luminous, glowing, gradient, geometric, abstract, decorative, elegant, modern, colorful, iridescent, prismatic, transparent, isolated, design element, digital art, scalable, editable, graphic, ornamental, botanical art, floral design, nature illustration, creative, contemporary, futuristic, visual design, background element, web design, branding, poster design, presentation, print design, wallpaper, template","14"
"051.svg","Feverfew translucent flower vector illustration","feverfew, flower vector, floral vector, botanical illustration, transparent background, vector illustration, botanical, flower, floral, nature, translucent, luminous, glowing, gradient, geometric, abstract, decorative, elegant, modern, colorful, iridescent, prismatic, transparent, isolated, design element, digital art, scalable, editable, graphic, ornamental, botanical art, floral design, nature illustration, creative, contemporary, futuristic, visual design, background element, web design, branding, poster design, presentation, print design, wallpaper, template","14"
"052.svg","Echinacea translucent flower vector illustration","echinacea, flower vector, floral vector, botanical illustration, transparent background, vector illustration, botanical, flower, floral, nature, translucent, luminous, glowing, gradient, geometric, abstract, decorative, elegant, modern, colorful, iridescent, prismatic, transparent, isolated, design element, digital art, scalable, editable, graphic, ornamental, botanical art, floral design, nature illustration, creative, contemporary, futuristic, visual design, background element, web design, branding, poster design, presentation, print design, wallpaper, template","14"
"053.svg","Black-Eyed Susan translucent flower vector illustration","black-eyed susan, flower vector, floral vector, botanical illustration, transparent background, vector illustration, botanical, flower, floral, nature, translucent, luminous, glowing, gradient, geometric, abstract, decorative, elegant, modern, colorful, iridescent, prismatic, transparent, isolated, design element, digital art, scalable, editable, graphic, ornamental, botanical art, floral design, nature illustration, creative, contemporary, futuristic, visual design, background element, web design, branding, poster design, presentation, print design, wallpaper, template","14"
"054.svg","Blanket Flower translucent flower vector illustration","blanket flower, flower vector, floral vector, botanical illustration, transparent background, vector illustration, botanical, flower, floral, nature, translucent, luminous, glowing, gradient, geometric, abstract, decorative, elegant, modern, colorful, iridescent, prismatic, transparent, isolated, design element, digital art, scalable, editable, graphic, ornamental, botanical art, floral design, nature illustration, creative, contemporary, futuristic, visual design, background element, web design, branding, poster design, presentation, print design, wallpaper, template","14"
"055.svg","Coreopsis translucent flower vector illustration","coreopsis, flower vector, floral vector, botanical illustration, transparent background, vector illustration, botanical, flower, floral, nature, translucent, luminous, glowing, gradient, geometric, abstract, decorative, elegant, modern, colorful, iridescent, prismatic, transparent, isolated, design element, digital art, scalable, editable, graphic, ornamental, botanical art, floral design, nature illustration, creative, contemporary, futuristic, visual design, background element, web design, branding, poster design, presentation, print design, wallpaper, template","14"
"056.svg","Phlox translucent flower vector illustration","phlox, flower vector, floral vector, botanical illustration, transparent background, vector illustration, botanical, flower, floral, nature, translucent, luminous, glowing, gradient, geometric, abstract, decorative, elegant, modern, colorful, iridescent, prismatic, transparent, isolated, design element, digital art, scalable, editable, graphic, ornamental, botanical art, floral design, nature illustration, creative, contemporary, futuristic, visual design, background element, web design, branding, poster design, presentation, print design, wallpaper, template","14"
"057.svg","Phacelia translucent flower vector illustration","phacelia, flower vector, floral vector, botanical illustration, transparent background, vector illustration, botanical, flower, floral, nature, translucent, luminous, glowing, gradient, geometric, abstract, decorative, elegant, modern, colorful, iridescent, prismatic, transparent, isolated, design element, digital art, scalable, editable, graphic, ornamental, botanical art, floral design, nature illustration, creative, contemporary, futuristic, visual design, background element, web design, branding, poster design, presentation, print design, wallpaper, template","14"
"058.svg","Stock translucent flower vector illustration","stock, flower vector, floral vector, botanical illustration, transparent background, vector illustration, botanical, flower, floral, nature, translucent, luminous, glowing, gradient, geometric, abstract, decorative, elegant, modern, colorful, iridescent, prismatic, transparent, isolated, design element, digital art, scalable, editable, graphic, ornamental, botanical art, floral design, nature illustration, creative, contemporary, futuristic, visual design, background element, web design, branding, poster design, presentation, print design, wallpaper, template","14"
"059.svg","Wallflower translucent flower vector illustration","wallflower, flower vector, floral vector, botanical illustration, transparent background, vector illustration, botanical, flower, floral, nature, translucent, luminous, glowing, gradient, geometric, abstract, decorative, elegant, modern, colorful, iridescent, prismatic, transparent, isolated, design element, digital art, scalable, editable, graphic, ornamental, botanical art, floral design, nature illustration, creative, contemporary, futuristic, visual design, background element, web design, branding, poster design, presentation, print design, wallpaper, template","14"
"060.svg","Strawflower translucent flower vector illustration","strawflower, flower vector, floral vector, botanical illustration, transparent background, vector illustration, botanical, flower, floral, nature, translucent, luminous, glowing, gradient, geometric, abstract, decorative, elegant, modern, colorful, iridescent, prismatic, transparent, isolated, design element, digital art, scalable, editable, graphic, ornamental, botanical art, floral design, nature illustration, creative, contemporary, futuristic, visual design, background element, web design, branding, poster design, presentation, print design, wallpaper, template","14"
"061.svg","Statice translucent flower vector illustration","statice, flower vector, floral vector, botanical illustration, transparent background, vector illustration, botanical, flower, floral, nature, translucent, luminous, glowing, gradient, geometric, abstract, decorative, elegant, modern, colorful, iridescent, prismatic, transparent, isolated, design element, digital art, scalable, editable, graphic, ornamental, botanical art, floral design, nature illustration, creative, contemporary, futuristic, visual design, background element, web design, branding, poster design, presentation, print design, wallpaper, template","14"
"062.svg","Celosia translucent flower vector illustration","celosia, flower vector, floral vector, botanical illustration, transparent background, vector illustration, botanical, flower, floral, nature, translucent, luminous, glowing, gradient, geometric, abstract, decorative, elegant, modern, colorful, iridescent, prismatic, transparent, isolated, design element, digital art, scalable, editable, graphic, ornamental, botanical art, floral design, nature illustration, creative, contemporary, futuristic, visual design, background element, web design, branding, poster design, presentation, print design, wallpaper, template","14"
"063.svg","Amaranth translucent flower vector illustration","amaranth, flower vector, floral vector, botanical illustration, transparent background, vector illustration, botanical, flower, floral, nature, translucent, luminous, glowing, gradient, geometric, abstract, decorative, elegant, modern, colorful, iridescent, prismatic, transparent, isolated, design element, digital art, scalable, editable, graphic, ornamental, botanical art, floral design, nature illustration, creative, contemporary, futuristic, visual design, background element, web design, branding, poster design, presentation, print design, wallpaper, template","14"
"064.svg","Osteospermum translucent flower vector illustration","osteospermum, flower vector, floral vector, botanical illustration, transparent background, vector illustration, botanical, flower, floral, nature, translucent, luminous, glowing, gradient, geometric, abstract, decorative, elegant, modern, colorful, iridescent, prismatic, transparent, isolated, design element, digital art, scalable, editable, graphic, ornamental, botanical art, floral design, nature illustration, creative, contemporary, futuristic, visual design, background element, web design, branding, poster design, presentation, print design, wallpaper, template","14"
"065.svg","Gazania translucent flower vector illustration","gazania, flower vector, floral vector, botanical illustration, transparent background, vector illustration, botanical, flower, floral, nature, translucent, luminous, glowing, gradient, geometric, abstract, decorative, elegant, modern, colorful, iridescent, prismatic, transparent, isolated, design element, digital art, scalable, editable, graphic, ornamental, botanical art, floral design, nature illustration, creative, contemporary, futuristic, visual design, background element, web design, branding, poster design, presentation, print design, wallpaper, template","14"
"066.svg","Arnica translucent flower vector illustration","arnica, flower vector, floral vector, botanical illustration, transparent background, vector illustration, botanical, flower, floral, nature, translucent, luminous, glowing, gradient, geometric, abstract, decorative, elegant, modern, colorful, iridescent, prismatic, transparent, isolated, design element, digital art, scalable, editable, graphic, ornamental, botanical art, floral design, nature illustration, creative, contemporary, futuristic, visual design, background element, web design, branding, poster design, presentation, print design, wallpaper, template","14"
"067.svg","Dandelion translucent flower vector illustration","dandelion, flower vector, floral vector, botanical illustration, transparent background, vector illustration, botanical, flower, floral, nature, translucent, luminous, glowing, gradient, geometric, abstract, decorative, elegant, modern, colorful, iridescent, prismatic, transparent, isolated, design element, digital art, scalable, editable, graphic, ornamental, botanical art, floral design, nature illustration, creative, contemporary, futuristic, visual design, background element, web design, branding, poster design, presentation, print design, wallpaper, template","14"
"068.svg","Clover translucent flower vector illustration","clover, flower vector, floral vector, botanical illustration, transparent background, vector illustration, botanical, flower, floral, nature, translucent, luminous, glowing, gradient, geometric, abstract, decorative, elegant, modern, colorful, iridescent, prismatic, transparent, isolated, design element, digital art, scalable, editable, graphic, ornamental, botanical art, floral design, nature illustration, creative, contemporary, futuristic, visual design, background element, web design, branding, poster design, presentation, print design, wallpaper, template","14"
"069.svg","Alstroemeria translucent flower vector illustration","alstroemeria, flower vector, floral vector, botanical illustration, transparent background, vector illustration, botanical, flower, floral, nature, translucent, luminous, glowing, gradient, geometric, abstract, decorative, elegant, modern, colorful, iridescent, prismatic, transparent, isolated, design element, digital art, scalable, editable, graphic, ornamental, botanical art, floral design, nature illustration, creative, contemporary, futuristic, visual design, background element, web design, branding, poster design, presentation, print design, wallpaper, template","14"
"070.svg","Lisianthus translucent flower vector illustration","lisianthus, flower vector, floral vector, botanical illustration, transparent background, vector illustration, botanical, flower, floral, nature, translucent, luminous, glowing, gradient, geometric, abstract, decorative, elegant, modern, colorful, iridescent, prismatic, transparent, isolated, design element, digital art, scalable, editable, graphic, ornamental, botanical art, floral design, nature illustration, creative, contemporary, futuristic, visual design, background element, web design, branding, poster design, presentation, print design, wallpaper, template","14"
"071.svg","Scabiosa translucent flower vector illustration","scabiosa, flower vector, floral vector, botanical illustration, transparent background, vector illustration, botanical, flower, floral, nature, translucent, luminous, glowing, gradient, geometric, abstract, decorative, elegant, modern, colorful, iridescent, prismatic, transparent, isolated, design element, digital art, scalable, editable, graphic, ornamental, botanical art, floral design, nature illustration, creative, contemporary, futuristic, visual design, background element, web design, branding, poster design, presentation, print design, wallpaper, template","14"
"072.svg","Nigella translucent flower vector illustration","nigella, flower vector, floral vector, botanical illustration, transparent background, vector illustration, botanical, flower, floral, nature, translucent, luminous, glowing, gradient, geometric, abstract, decorative, elegant, modern, colorful, iridescent, prismatic, transparent, isolated, design element, digital art, scalable, editable, graphic, ornamental, botanical art, floral design, nature illustration, creative, contemporary, futuristic, visual design, background element, web design, branding, poster design, presentation, print design, wallpaper, template","14"
"073.svg","Tithonia translucent flower vector illustration","tithonia, flower vector, floral vector, botanical illustration, transparent background, vector illustration, botanical, flower, floral, nature, translucent, luminous, glowing, gradient, geometric, abstract, decorative, elegant, modern, colorful, iridescent, prismatic, transparent, isolated, design element, digital art, scalable, editable, graphic, ornamental, botanical art, floral design, nature illustration, creative, contemporary, futuristic, visual design, background element, web design, branding, poster design, presentation, print design, wallpaper, template","14"
"074.svg","Gomphrena translucent flower vector illustration","gomphrena, flower vector, floral vector, botanical illustration, transparent background, vector illustration, botanical, flower, floral, nature, translucent, luminous, glowing, gradient, geometric, abstract, decorative, elegant, modern, colorful, iridescent, prismatic, transparent, isolated, design element, digital art, scalable, editable, graphic, ornamental, botanical art, floral design, nature illustration, creative, contemporary, futuristic, visual design, background element, web design, branding, poster design, presentation, print design, wallpaper, template","14"
"075.svg","Cineraria translucent flower vector illustration","cineraria, flower vector, floral vector, botanical illustration, transparent background, vector illustration, botanical, flower, floral, nature, translucent, luminous, glowing, gradient, geometric, abstract, decorative, elegant, modern, colorful, iridescent, prismatic, transparent, isolated, design element, digital art, scalable, editable, graphic, ornamental, botanical art, floral design, nature illustration, creative, contemporary, futuristic, visual design, background element, web design, branding, poster design, presentation, print design, wallpaper, template","14"
"076.svg","Nemesia translucent flower vector illustration","nemesia, flower vector, floral vector, botanical illustration, transparent background, vector illustration, botanical, flower, floral, nature, translucent, luminous, glowing, gradient, geometric, abstract, decorative, elegant, modern, colorful, iridescent, prismatic, transparent, isolated, design element, digital art, scalable, editable, graphic, ornamental, botanical art, floral design, nature illustration, creative, contemporary, futuristic, visual design, background element, web design, branding, poster design, presentation, print design, wallpaper, template","14"
"077.svg","Diascia translucent flower vector illustration","diascia, flower vector, floral vector, botanical illustration, transparent background, vector illustration, botanical, flower, floral, nature, translucent, luminous, glowing, gradient, geometric, abstract, decorative, elegant, modern, colorful, iridescent, prismatic, transparent, isolated, design element, digital art, scalable, editable, graphic, ornamental, botanical art, floral design, nature illustration, creative, contemporary, futuristic, visual design, background element, web design, branding, poster design, presentation, print design, wallpaper, template","14"
"078.svg","Bacopa translucent flower vector illustration","bacopa, flower vector, floral vector, botanical illustration, transparent background, vector illustration, botanical, flower, floral, nature, translucent, luminous, glowing, gradient, geometric, abstract, decorative, elegant, modern, colorful, iridescent, prismatic, transparent, isolated, design element, digital art, scalable, editable, graphic, ornamental, botanical art, floral design, nature illustration, creative, contemporary, futuristic, visual design, background element, web design, branding, poster design, presentation, print design, wallpaper, template","14"
"079.svg","Torenia translucent flower vector illustration","torenia, flower vector, floral vector, botanical illustration, transparent background, vector illustration, botanical, flower, floral, nature, translucent, luminous, glowing, gradient, geometric, abstract, decorative, elegant, modern, colorful, iridescent, prismatic, transparent, isolated, design element, digital art, scalable, editable, graphic, ornamental, botanical art, floral design, nature illustration, creative, contemporary, futuristic, visual design, background element, web design, branding, poster design, presentation, print design, wallpaper, template","14"
"080.svg","Alyssum translucent flower vector illustration","alyssum, flower vector, floral vector, botanical illustration, transparent background, vector illustration, botanical, flower, floral, nature, translucent, luminous, glowing, gradient, geometric, abstract, decorative, elegant, modern, colorful, iridescent, prismatic, transparent, isolated, design element, digital art, scalable, editable, graphic, ornamental, botanical art, floral design, nature illustration, creative, contemporary, futuristic, visual design, background element, web design, branding, poster design, presentation, print design, wallpaper, template","14"
"081.svg","Portulaca translucent flower vector illustration","portulaca, flower vector, floral vector, botanical illustration, transparent background, vector illustration, botanical, flower, floral, nature, translucent, luminous, glowing, gradient, geometric, abstract, decorative, elegant, modern, colorful, iridescent, prismatic, transparent, isolated, design element, digital art, scalable, editable, graphic, ornamental, botanical art, floral design, nature illustration, creative, contemporary, futuristic, visual design, background element, web design, branding, poster design, presentation, print design, wallpaper, template","14"
"082.svg","Nicotiana translucent flower vector illustration","nicotiana, flower vector, floral vector, botanical illustration, transparent background, vector illustration, botanical, flower, floral, nature, translucent, luminous, glowing, gradient, geometric, abstract, decorative, elegant, modern, colorful, iridescent, prismatic, transparent, isolated, design element, digital art, scalable, editable, graphic, ornamental, botanical art, floral design, nature illustration, creative, contemporary, futuristic, visual design, background element, web design, branding, poster design, presentation, print design, wallpaper, template","14"
"083.svg","Hellebore translucent flower vector illustration","hellebore, flower vector, floral vector, botanical illustration, transparent background, vector illustration, botanical, flower, floral, nature, translucent, luminous, glowing, gradient, geometric, abstract, decorative, elegant, modern, colorful, iridescent, prismatic, transparent, isolated, design element, digital art, scalable, editable, graphic, ornamental, botanical art, floral design, nature illustration, creative, contemporary, futuristic, visual design, background element, web design, branding, poster design, presentation, print design, wallpaper, template","14"
"084.svg","Crocus translucent flower vector illustration","crocus, flower vector, floral vector, botanical illustration, transparent background, vector illustration, botanical, flower, floral, nature, translucent, luminous, glowing, gradient, geometric, abstract, decorative, elegant, modern, colorful, iridescent, prismatic, transparent, isolated, design element, digital art, scalable, editable, graphic, ornamental, botanical art, floral design, nature illustration, creative, contemporary, futuristic, visual design, background element, web design, branding, poster design, presentation, print design, wallpaper, template","14"
"085.svg","Snowdrop translucent flower vector illustration","snowdrop, flower vector, floral vector, botanical illustration, transparent background, vector illustration, botanical, flower, floral, nature, translucent, luminous, glowing, gradient, geometric, abstract, decorative, elegant, modern, colorful, iridescent, prismatic, transparent, isolated, design element, digital art, scalable, editable, graphic, ornamental, botanical art, floral design, nature illustration, creative, contemporary, futuristic, visual design, background element, web design, branding, poster design, presentation, print design, wallpaper, template","14"
"086.svg","Muscari translucent flower vector illustration","muscari, flower vector, floral vector, botanical illustration, transparent background, vector illustration, botanical, flower, floral, nature, translucent, luminous, glowing, gradient, geometric, abstract, decorative, elegant, modern, colorful, iridescent, prismatic, transparent, isolated, design element, digital art, scalable, editable, graphic, ornamental, botanical art, floral design, nature illustration, creative, contemporary, futuristic, visual design, background element, web design, branding, poster design, presentation, print design, wallpaper, template","14"
"087.svg","Fritillaria translucent flower vector illustration","fritillaria, flower vector, floral vector, botanical illustration, transparent background, vector illustration, botanical, flower, floral, nature, translucent, luminous, glowing, gradient, geometric, abstract, decorative, elegant, modern, colorful, iridescent, prismatic, transparent, isolated, design element, digital art, scalable, editable, graphic, ornamental, botanical art, floral design, nature illustration, creative, contemporary, futuristic, visual design, background element, web design, branding, poster design, presentation, print design, wallpaper, template","14"
"088.svg","Abutilon translucent flower vector illustration","abutilon, aurora, flower vector, floral vector, botanical illustration, transparent background, vector illustration, botanical, flower, floral, nature, translucent, luminous, glowing, gradient, geometric, abstract, decorative, elegant, modern, colorful, iridescent, prismatic, transparent, isolated, design element, digital art, scalable, editable, graphic, ornamental, botanical art, floral design, nature illustration, creative, contemporary, futuristic, visual design, background element, web design, branding, poster design, presentation, print design, wallpaper","14"
"089.svg","Abutilon translucent flower vector illustration","abutilon, opal, flower vector, floral vector, botanical illustration, transparent background, vector illustration, botanical, flower, floral, nature, translucent, luminous, glowing, gradient, geometric, abstract, decorative, elegant, modern, colorful, iridescent, prismatic, transparent, isolated, design element, digital art, scalable, editable, graphic, ornamental, botanical art, floral design, nature illustration, creative, contemporary, futuristic, visual design, background element, web design, branding, poster design, presentation, print design, wallpaper","14"
"090.svg","Abutilon translucent flower vector illustration","abutilon, velvet, flower vector, floral vector, botanical illustration, transparent background, vector illustration, botanical, flower, floral, nature, translucent, luminous, glowing, gradient, geometric, abstract, decorative, elegant, modern, colorful, iridescent, prismatic, transparent, isolated, design element, digital art, scalable, editable, graphic, ornamental, botanical art, floral design, nature illustration, creative, contemporary, futuristic, visual design, background element, web design, branding, poster design, presentation, print design, wallpaper","14"
"091.svg","Abutilon translucent flower vector illustration","abutilon, lumen, flower vector, floral vector, botanical illustration, transparent background, vector illustration, botanical, flower, floral, nature, translucent, luminous, glowing, gradient, geometric, abstract, decorative, elegant, modern, colorful, iridescent, prismatic, transparent, isolated, design element, digital art, scalable, editable, graphic, ornamental, botanical art, floral design, nature illustration, creative, contemporary, futuristic, visual design, background element, web design, branding, poster design, presentation, print design, wallpaper","14"
"092.svg","Abutilon translucent flower vector illustration","abutilon, mirage, flower vector, floral vector, botanical illustration, transparent background, vector illustration, botanical, flower, floral, nature, translucent, luminous, glowing, gradient, geometric, abstract, decorative, elegant, modern, colorful, iridescent, prismatic, transparent, isolated, design element, digital art, scalable, editable, graphic, ornamental, botanical art, floral design, nature illustration, creative, contemporary, futuristic, visual design, background element, web design, branding, poster design, presentation, print design, wallpaper","14"
"093.svg","Achimenes translucent flower vector illustration","achimenes, aurora, flower vector, floral vector, botanical illustration, transparent background, vector illustration, botanical, flower, floral, nature, translucent, luminous, glowing, gradient, geometric, abstract, decorative, elegant, modern, colorful, iridescent, prismatic, transparent, isolated, design element, digital art, scalable, editable, graphic, ornamental, botanical art, floral design, nature illustration, creative, contemporary, futuristic, visual design, background element, web design, branding, poster design, presentation, print design, wallpaper","14"
"094.svg","Achimenes translucent flower vector illustration","achimenes, opal, flower vector, floral vector, botanical illustration, transparent background, vector illustration, botanical, flower, floral, nature, translucent, luminous, glowing, gradient, geometric, abstract, decorative, elegant, modern, colorful, iridescent, prismatic, transparent, isolated, design element, digital art, scalable, editable, graphic, ornamental, botanical art, floral design, nature illustration, creative, contemporary, futuristic, visual design, background element, web design, branding, poster design, presentation, print design, wallpaper","14"
"095.svg","Achimenes translucent flower vector illustration","achimenes, velvet, flower vector, floral vector, botanical illustration, transparent background, vector illustration, botanical, flower, floral, nature, translucent, luminous, glowing, gradient, geometric, abstract, decorative, elegant, modern, colorful, iridescent, prismatic, transparent, isolated, design element, digital art, scalable, editable, graphic, ornamental, botanical art, floral design, nature illustration, creative, contemporary, futuristic, visual design, background element, web design, branding, poster design, presentation, print design, wallpaper","14"
"096.svg","Achimenes translucent flower vector illustration","achimenes, lumen, flower vector, floral vector, botanical illustration, transparent background, vector illustration, botanical, flower, floral, nature, translucent, luminous, glowing, gradient, geometric, abstract, decorative, elegant, modern, colorful, iridescent, prismatic, transparent, isolated, design element, digital art, scalable, editable, graphic, ornamental, botanical art, floral design, nature illustration, creative, contemporary, futuristic, visual design, background element, web design, branding, poster design, presentation, print design, wallpaper","14"
"097.svg","Achimenes translucent flower vector illustration","achimenes, mirage, flower vector, floral vector, botanical illustration, transparent background, vector illustration, botanical, flower, floral, nature, translucent, luminous, glowing, gradient, geometric, abstract, decorative, elegant, modern, colorful, iridescent, prismatic, transparent, isolated, design element, digital art, scalable, editable, graphic, ornamental, botanical art, floral design, nature illustration, creative, contemporary, futuristic, visual design, background element, web design, branding, poster design, presentation, print design, wallpaper","14"
"098.svg","Ageratum translucent flower vector illustration","ageratum, aurora, flower vector, floral vector, botanical illustration, transparent background, vector illustration, botanical, flower, floral, nature, translucent, luminous, glowing, gradient, geometric, abstract, decorative, elegant, modern, colorful, iridescent, prismatic, transparent, isolated, design element, digital art, scalable, editable, graphic, ornamental, botanical art, floral design, nature illustration, creative, contemporary, futuristic, visual design, background element, web design, branding, poster design, presentation, print design, wallpaper","14"
"099.svg","Ageratum translucent flower vector illustration","ageratum, opal, flower vector, floral vector, botanical illustration, transparent background, vector illustration, botanical, flower, floral, nature, translucent, luminous, glowing, gradient, geometric, abstract, decorative, elegant, modern, colorful, iridescent, prismatic, transparent, isolated, design element, digital art, scalable, editable, graphic, ornamental, botanical art, floral design, nature illustration, creative, contemporary, futuristic, visual design, background element, web design, branding, poster design, presentation, print design, wallpaper","14"
"100.svg","Ageratum translucent flower vector illustration","ageratum, velvet, flower vector, floral vector, botanical illustration, transparent background, vector illustration, botanical, flower, floral, nature, translucent, luminous, glowing, gradient, geometric, abstract, decorative, elegant, modern, colorful, iridescent, prismatic, transparent, isolated, design element, digital art, scalable, editable, graphic, ornamental, botanical art, floral design, nature illustration, creative, contemporary, futuristic, visual design, background element, web design, branding, poster design, presentation, print design, wallpaper","14"
"101.svg","Ageratum translucent flower vector illustration","ageratum, lumen, flower vector, floral vector, botanical illustration, transparent background, vector illustration, botanical, flower, floral, nature, translucent, luminous, glowing, gradient, geometric, abstract, decorative, elegant, modern, colorful, iridescent, prismatic, transparent, isolated, design element, digital art, scalable, editable, graphic, ornamental, botanical art, floral design, nature illustration, creative, contemporary, futuristic, visual design, background element, web design, branding, poster design, presentation, print design, wallpaper","14"
"102.svg","Ageratum translucent flower vector illustration","ageratum, mirage, flower vector, floral vector, botanical illustration, transparent background, vector illustration, botanical, flower, floral, nature, translucent, luminous, glowing, gradient, geometric, abstract, decorative, elegant, modern, colorful, iridescent, prismatic, transparent, isolated, design element, digital art, scalable, editable, graphic, ornamental, botanical art, floral design, nature illustration, creative, contemporary, futuristic, visual design, background element, web design, branding, poster design, presentation, print design, wallpaper","14"
"103.svg","Agapanthus translucent flower vector illustration","agapanthus, aurora, flower vector, floral vector, botanical illustration, transparent background, vector illustration, botanical, flower, floral, nature, translucent, luminous, glowing, gradient, geometric, abstract, decorative, elegant, modern, colorful, iridescent, prismatic, transparent, isolated, design element, digital art, scalable, editable, graphic, ornamental, botanical art, floral design, nature illustration, creative, contemporary, futuristic, visual design, background element, web design, branding, poster design, presentation, print design, wallpaper","14"
"104.svg","Agapanthus translucent flower vector illustration","agapanthus, opal, flower vector, floral vector, botanical illustration, transparent background, vector illustration, botanical, flower, floral, nature, translucent, luminous, glowing, gradient, geometric, abstract, decorative, elegant, modern, colorful, iridescent, prismatic, transparent, isolated, design element, digital art, scalable, editable, graphic, ornamental, botanical art, floral design, nature illustration, creative, contemporary, futuristic, visual design, background element, web design, branding, poster design, presentation, print design, wallpaper","14"
"105.svg","Agapanthus translucent flower vector illustration","agapanthus, velvet, flower vector, floral vector, botanical illustration, transparent background, vector illustration, botanical, flower, floral, nature, translucent, luminous, glowing, gradient, geometric, abstract, decorative, elegant, modern, colorful, iridescent, prismatic, transparent, isolated, design element, digital art, scalable, editable, graphic, ornamental, botanical art, floral design, nature illustration, creative, contemporary, futuristic, visual design, background element, web design, branding, poster design, presentation, print design, wallpaper","14"
"106.svg","Agapanthus translucent flower vector illustration","agapanthus, lumen, flower vector, floral vector, botanical illustration, transparent background, vector illustration, botanical, flower, floral, nature, translucent, luminous, glowing, gradient, geometric, abstract, decorative, elegant, modern, colorful, iridescent, prismatic, transparent, isolated, design element, digital art, scalable, editable, graphic, ornamental, botanical art, floral design, nature illustration, creative, contemporary, futuristic, visual design, background element, web design, branding, poster design, presentation, print design, wallpaper","14"
"107.svg","Agapanthus translucent flower vector illustration","agapanthus, mirage, flower vector, floral vector, botanical illustration, transparent background, vector illustration, botanical, flower, floral, nature, translucent, luminous, glowing, gradient, geometric, abstract, decorative, elegant, modern, colorful, iridescent, prismatic, transparent, isolated, design element, digital art, scalable, editable, graphic, ornamental, botanical art, floral design, nature illustration, creative, contemporary, futuristic, visual design, background element, web design, branding, poster design, presentation, print design, wallpaper","14"
"108.svg","Angelonia translucent flower vector illustration","angelonia, aurora, flower vector, floral vector, botanical illustration, transparent background, vector illustration, botanical, flower, floral, nature, translucent, luminous, glowing, gradient, geometric, abstract, decorative, elegant, modern, colorful, iridescent, prismatic, transparent, isolated, design element, digital art, scalable, editable, graphic, ornamental, botanical art, floral design, nature illustration, creative, contemporary, futuristic, visual design, background element, web design, branding, poster design, presentation, print design, wallpaper","14"
"109.svg","Angelonia translucent flower vector illustration","angelonia, opal, flower vector, floral vector, botanical illustration, transparent background, vector illustration, botanical, flower, floral, nature, translucent, luminous, glowing, gradient, geometric, abstract, decorative, elegant, modern, colorful, iridescent, prismatic, transparent, isolated, design element, digital art, scalable, editable, graphic, ornamental, botanical art, floral design, nature illustration, creative, contemporary, futuristic, visual design, background element, web design, branding, poster design, presentation, print design, wallpaper","14"
"110.svg","Angelonia translucent flower vector illustration","angelonia, velvet, flower vector, floral vector, botanical illustration, transparent background, vector illustration, botanical, flower, floral, nature, translucent, luminous, glowing, gradient, geometric, abstract, decorative, elegant, modern, colorful, iridescent, prismatic, transparent, isolated, design element, digital art, scalable, editable, graphic, ornamental, botanical art, floral design, nature illustration, creative, contemporary, futuristic, visual design, background element, web design, branding, poster design, presentation, print design, wallpaper","14"
"111.svg","Angelonia translucent flower vector illustration","angelonia, lumen, flower vector, floral vector, botanical illustration, transparent background, vector illustration, botanical, flower, floral, nature, translucent, luminous, glowing, gradient, geometric, abstract, decorative, elegant, modern, colorful, iridescent, prismatic, transparent, isolated, design element, digital art, scalable, editable, graphic, ornamental, botanical art, floral design, nature illustration, creative, contemporary, futuristic, visual design, background element, web design, branding, poster design, presentation, print design, wallpaper","14"
"112.svg","Angelonia translucent flower vector illustration","angelonia, mirage, flower vector, floral vector, botanical illustration, transparent background, vector illustration, botanical, flower, floral, nature, translucent, luminous, glowing, gradient, geometric, abstract, decorative, elegant, modern, colorful, iridescent, prismatic, transparent, isolated, design element, digital art, scalable, editable, graphic, ornamental, botanical art, floral design, nature illustration, creative, contemporary, futuristic, visual design, background element, web design, branding, poster design, presentation, print design, wallpaper","14"
"113.svg","Armeria translucent flower vector illustration","armeria, aurora, flower vector, floral vector, botanical illustration, transparent background, vector illustration, botanical, flower, floral, nature, translucent, luminous, glowing, gradient, geometric, abstract, decorative, elegant, modern, colorful, iridescent, prismatic, transparent, isolated, design element, digital art, scalable, editable, graphic, ornamental, botanical art, floral design, nature illustration, creative, contemporary, futuristic, visual design, background element, web design, branding, poster design, presentation, print design, wallpaper","14"
"114.svg","Armeria translucent flower vector illustration","armeria, opal, flower vector, floral vector, botanical illustration, transparent background, vector illustration, botanical, flower, floral, nature, translucent, luminous, glowing, gradient, geometric, abstract, decorative, elegant, modern, colorful, iridescent, prismatic, transparent, isolated, design element, digital art, scalable, editable, graphic, ornamental, botanical art, floral design, nature illustration, creative, contemporary, futuristic, visual design, background element, web design, branding, poster design, presentation, print design, wallpaper","14"
"115.svg","Armeria translucent flower vector illustration","armeria, velvet, flower vector, floral vector, botanical illustration, transparent background, vector illustration, botanical, flower, floral, nature, translucent, luminous, glowing, gradient, geometric, abstract, decorative, elegant, modern, colorful, iridescent, prismatic, transparent, isolated, design element, digital art, scalable, editable, graphic, ornamental, botanical art, floral design, nature illustration, creative, contemporary, futuristic, visual design, background element, web design, branding, poster design, presentation, print design, wallpaper","14"
"116.svg","Armeria translucent flower vector illustration","armeria, lumen, flower vector, floral vector, botanical illustration, transparent background, vector illustration, botanical, flower, floral, nature, translucent, luminous, glowing, gradient, geometric, abstract, decorative, elegant, modern, colorful, iridescent, prismatic, transparent, isolated, design element, digital art, scalable, editable, graphic, ornamental, botanical art, floral design, nature illustration, creative, contemporary, futuristic, visual design, background element, web design, branding, poster design, presentation, print design, wallpaper","14"
"117.svg","Armeria translucent flower vector illustration","armeria, mirage, flower vector, floral vector, botanical illustration, transparent background, vector illustration, botanical, flower, floral, nature, translucent, luminous, glowing, gradient, geometric, abstract, decorative, elegant, modern, colorful, iridescent, prismatic, transparent, isolated, design element, digital art, scalable, editable, graphic, ornamental, botanical art, floral design, nature illustration, creative, contemporary, futuristic, visual design, background element, web design, branding, poster design, presentation, print design, wallpaper","14"
"118.svg","Arisaema translucent flower vector illustration","arisaema, aurora, flower vector, floral vector, botanical illustration, transparent background, vector illustration, botanical, flower, floral, nature, translucent, luminous, glowing, gradient, geometric, abstract, decorative, elegant, modern, colorful, iridescent, prismatic, transparent, isolated, design element, digital art, scalable, editable, graphic, ornamental, botanical art, floral design, nature illustration, creative, contemporary, futuristic, visual design, background element, web design, branding, poster design, presentation, print design, wallpaper","14"
"119.svg","Arisaema translucent flower vector illustration","arisaema, opal, flower vector, floral vector, botanical illustration, transparent background, vector illustration, botanical, flower, floral, nature, translucent, luminous, glowing, gradient, geometric, abstract, decorative, elegant, modern, colorful, iridescent, prismatic, transparent, isolated, design element, digital art, scalable, editable, graphic, ornamental, botanical art, floral design, nature illustration, creative, contemporary, futuristic, visual design, background element, web design, branding, poster design, presentation, print design, wallpaper","14"
"120.svg","Arisaema translucent flower vector illustration","arisaema, velvet, flower vector, floral vector, botanical illustration, transparent background, vector illustration, botanical, flower, floral, nature, translucent, luminous, glowing, gradient, geometric, abstract, decorative, elegant, modern, colorful, iridescent, prismatic, transparent, isolated, design element, digital art, scalable, editable, graphic, ornamental, botanical art, floral design, nature illustration, creative, contemporary, futuristic, visual design, background element, web design, branding, poster design, presentation, print design, wallpaper","14"
"121.svg","Arisaema translucent flower vector illustration","arisaema, lumen, flower vector, floral vector, botanical illustration, transparent background, vector illustration, botanical, flower, floral, nature, translucent, luminous, glowing, gradient, geometric, abstract, decorative, elegant, modern, colorful, iridescent, prismatic, transparent, isolated, design element, digital art, scalable, editable, graphic, ornamental, botanical art, floral design, nature illustration, creative, contemporary, futuristic, visual design, background element, web design, branding, poster design, presentation, print design, wallpaper","14"
"122.svg","Arisaema translucent flower vector illustration","arisaema, mirage, flower vector, floral vector, botanical illustration, transparent background, vector illustration, botanical, flower, floral, nature, translucent, luminous, glowing, gradient, geometric, abstract, decorative, elegant, modern, colorful, iridescent, prismatic, transparent, isolated, design element, digital art, scalable, editable, graphic, ornamental, botanical art, floral design, nature illustration, creative, contemporary, futuristic, visual design, background element, web design, branding, poster design, presentation, print design, wallpaper","14"
"123.svg","Aurinia translucent flower vector illustration","aurinia, aurora, flower vector, floral vector, botanical illustration, transparent background, vector illustration, botanical, flower, floral, nature, translucent, luminous, glowing, gradient, geometric, abstract, decorative, elegant, modern, colorful, iridescent, prismatic, transparent, isolated, design element, digital art, scalable, editable, graphic, ornamental, botanical art, floral design, nature illustration, creative, contemporary, futuristic, visual design, background element, web design, branding, poster design, presentation, print design, wallpaper","14"
"124.svg","Aurinia translucent flower vector illustration","aurinia, opal, flower vector, floral vector, botanical illustration, transparent background, vector illustration, botanical, flower, floral, nature, translucent, luminous, glowing, gradient, geometric, abstract, decorative, elegant, modern, colorful, iridescent, prismatic, transparent, isolated, design element, digital art, scalable, editable, graphic, ornamental, botanical art, floral design, nature illustration, creative, contemporary, futuristic, visual design, background element, web design, branding, poster design, presentation, print design, wallpaper","14"
"125.svg","Aurinia translucent flower vector illustration","aurinia, velvet, flower vector, floral vector, botanical illustration, transparent background, vector illustration, botanical, flower, floral, nature, translucent, luminous, glowing, gradient, geometric, abstract, decorative, elegant, modern, colorful, iridescent, prismatic, transparent, isolated, design element, digital art, scalable, editable, graphic, ornamental, botanical art, floral design, nature illustration, creative, contemporary, futuristic, visual design, background element, web design, branding, poster design, presentation, print design, wallpaper","14"
"126.svg","Aurinia translucent flower vector illustration","aurinia, lumen, flower vector, floral vector, botanical illustration, transparent background, vector illustration, botanical, flower, floral, nature, translucent, luminous, glowing, gradient, geometric, abstract, decorative, elegant, modern, colorful, iridescent, prismatic, transparent, isolated, design element, digital art, scalable, editable, graphic, ornamental, botanical art, floral design, nature illustration, creative, contemporary, futuristic, visual design, background element, web design, branding, poster design, presentation, print design, wallpaper","14"
"127.svg","Aurinia translucent flower vector illustration","aurinia, mirage, flower vector, floral vector, botanical illustration, transparent background, vector illustration, botanical, flower, floral, nature, translucent, luminous, glowing, gradient, geometric, abstract, decorative, elegant, modern, colorful, iridescent, prismatic, transparent, isolated, design element, digital art, scalable, editable, graphic, ornamental, botanical art, floral design, nature illustration, creative, contemporary, futuristic, visual design, background element, web design, branding, poster design, presentation, print design, wallpaper","14"
"128.svg","Balsam translucent flower vector illustration","balsam, aurora, flower vector, floral vector, botanical illustration, transparent background, vector illustration, botanical, flower, floral, nature, translucent, luminous, glowing, gradient, geometric, abstract, decorative, elegant, modern, colorful, iridescent, prismatic, transparent, isolated, design element, digital art, scalable, editable, graphic, ornamental, botanical art, floral design, nature illustration, creative, contemporary, futuristic, visual design, background element, web design, branding, poster design, presentation, print design, wallpaper","14"
"129.svg","Balsam translucent flower vector illustration","balsam, opal, flower vector, floral vector, botanical illustration, transparent background, vector illustration, botanical, flower, floral, nature, translucent, luminous, glowing, gradient, geometric, abstract, decorative, elegant, modern, colorful, iridescent, prismatic, transparent, isolated, design element, digital art, scalable, editable, graphic, ornamental, botanical art, floral design, nature illustration, creative, contemporary, futuristic, visual design, background element, web design, branding, poster design, presentation, print design, wallpaper","14"
"130.svg","Balsam translucent flower vector illustration","balsam, velvet, flower vector, floral vector, botanical illustration, transparent background, vector illustration, botanical, flower, floral, nature, translucent, luminous, glowing, gradient, geometric, abstract, decorative, elegant, modern, colorful, iridescent, prismatic, transparent, isolated, design element, digital art, scalable, editable, graphic, ornamental, botanical art, floral design, nature illustration, creative, contemporary, futuristic, visual design, background element, web design, branding, poster design, presentation, print design, wallpaper","14"
"131.svg","Balsam translucent flower vector illustration","balsam, lumen, flower vector, floral vector, botanical illustration, transparent background, vector illustration, botanical, flower, floral, nature, translucent, luminous, glowing, gradient, geometric, abstract, decorative, elegant, modern, colorful, iridescent, prismatic, transparent, isolated, design element, digital art, scalable, editable, graphic, ornamental, botanical art, floral design, nature illustration, creative, contemporary, futuristic, visual design, background element, web design, branding, poster design, presentation, print design, wallpaper","14"
"132.svg","Balsam translucent flower vector illustration","balsam, mirage, flower vector, floral vector, botanical illustration, transparent background, vector illustration, botanical, flower, floral, nature, translucent, luminous, glowing, gradient, geometric, abstract, decorative, elegant, modern, colorful, iridescent, prismatic, transparent, isolated, design element, digital art, scalable, editable, graphic, ornamental, botanical art, floral design, nature illustration, creative, contemporary, futuristic, visual design, background element, web design, branding, poster design, presentation, print design, wallpaper","14"
"133.svg","Bellflower translucent flower vector illustration","bellflower, aurora, flower vector, floral vector, botanical illustration, transparent background, vector illustration, botanical, flower, floral, nature, translucent, luminous, glowing, gradient, geometric, abstract, decorative, elegant, modern, colorful, iridescent, prismatic, transparent, isolated, design element, digital art, scalable, editable, graphic, ornamental, botanical art, floral design, nature illustration, creative, contemporary, futuristic, visual design, background element, web design, branding, poster design, presentation, print design, wallpaper","14"
"134.svg","Bellflower translucent flower vector illustration","bellflower, opal, flower vector, floral vector, botanical illustration, transparent background, vector illustration, botanical, flower, floral, nature, translucent, luminous, glowing, gradient, geometric, abstract, decorative, elegant, modern, colorful, iridescent, prismatic, transparent, isolated, design element, digital art, scalable, editable, graphic, ornamental, botanical art, floral design, nature illustration, creative, contemporary, futuristic, visual design, background element, web design, branding, poster design, presentation, print design, wallpaper","14"
"135.svg","Bellflower translucent flower vector illustration","bellflower, velvet, flower vector, floral vector, botanical illustration, transparent background, vector illustration, botanical, flower, floral, nature, translucent, luminous, glowing, gradient, geometric, abstract, decorative, elegant, modern, colorful, iridescent, prismatic, transparent, isolated, design element, digital art, scalable, editable, graphic, ornamental, botanical art, floral design, nature illustration, creative, contemporary, futuristic, visual design, background element, web design, branding, poster design, presentation, print design, wallpaper","14"
"136.svg","Bellflower translucent flower vector illustration","bellflower, lumen, flower vector, floral vector, botanical illustration, transparent background, vector illustration, botanical, flower, floral, nature, translucent, luminous, glowing, gradient, geometric, abstract, decorative, elegant, modern, colorful, iridescent, prismatic, transparent, isolated, design element, digital art, scalable, editable, graphic, ornamental, botanical art, floral design, nature illustration, creative, contemporary, futuristic, visual design, background element, web design, branding, poster design, presentation, print design, wallpaper","14"
"137.svg","Bellflower translucent flower vector illustration","bellflower, mirage, flower vector, floral vector, botanical illustration, transparent background, vector illustration, botanical, flower, floral, nature, translucent, luminous, glowing, gradient, geometric, abstract, decorative, elegant, modern, colorful, iridescent, prismatic, transparent, isolated, design element, digital art, scalable, editable, graphic, ornamental, botanical art, floral design, nature illustration, creative, contemporary, futuristic, visual design, background element, web design, branding, poster design, presentation, print design, wallpaper","14"
"138.svg","Bells of Ireland translucent flower vector illustration","bells of ireland, aurora, flower vector, floral vector, botanical illustration, transparent background, vector illustration, botanical, flower, floral, nature, translucent, luminous, glowing, gradient, geometric, abstract, decorative, elegant, modern, colorful, iridescent, prismatic, transparent, isolated, design element, digital art, scalable, editable, graphic, ornamental, botanical art, floral design, nature illustration, creative, contemporary, futuristic, visual design, background element, web design, branding, poster design, presentation, print design, wallpaper","14"
"139.svg","Bells of Ireland translucent flower vector illustration","bells of ireland, opal, flower vector, floral vector, botanical illustration, transparent background, vector illustration, botanical, flower, floral, nature, translucent, luminous, glowing, gradient, geometric, abstract, decorative, elegant, modern, colorful, iridescent, prismatic, transparent, isolated, design element, digital art, scalable, editable, graphic, ornamental, botanical art, floral design, nature illustration, creative, contemporary, futuristic, visual design, background element, web design, branding, poster design, presentation, print design, wallpaper","14"
"140.svg","Bells of Ireland translucent flower vector illustration","bells of ireland, velvet, flower vector, floral vector, botanical illustration, transparent background, vector illustration, botanical, flower, floral, nature, translucent, luminous, glowing, gradient, geometric, abstract, decorative, elegant, modern, colorful, iridescent, prismatic, transparent, isolated, design element, digital art, scalable, editable, graphic, ornamental, botanical art, floral design, nature illustration, creative, contemporary, futuristic, visual design, background element, web design, branding, poster design, presentation, print design, wallpaper","14"
"141.svg","Bells of Ireland translucent flower vector illustration","bells of ireland, lumen, flower vector, floral vector, botanical illustration, transparent background, vector illustration, botanical, flower, floral, nature, translucent, luminous, glowing, gradient, geometric, abstract, decorative, elegant, modern, colorful, iridescent, prismatic, transparent, isolated, design element, digital art, scalable, editable, graphic, ornamental, botanical art, floral design, nature illustration, creative, contemporary, futuristic, visual design, background element, web design, branding, poster design, presentation, print design, wallpaper","14"
"142.svg","Bells of Ireland translucent flower vector illustration","bells of ireland, mirage, flower vector, floral vector, botanical illustration, transparent background, vector illustration, botanical, flower, floral, nature, translucent, luminous, glowing, gradient, geometric, abstract, decorative, elegant, modern, colorful, iridescent, prismatic, transparent, isolated, design element, digital art, scalable, editable, graphic, ornamental, botanical art, floral design, nature illustration, creative, contemporary, futuristic, visual design, background element, web design, branding, poster design, presentation, print design, wallpaper","14"
"143.svg","Bouvardia translucent flower vector illustration","bouvardia, aurora, flower vector, floral vector, botanical illustration, transparent background, vector illustration, botanical, flower, floral, nature, translucent, luminous, glowing, gradient, geometric, abstract, decorative, elegant, modern, colorful, iridescent, prismatic, transparent, isolated, design element, digital art, scalable, editable, graphic, ornamental, botanical art, floral design, nature illustration, creative, contemporary, futuristic, visual design, background element, web design, branding, poster design, presentation, print design, wallpaper","14"
"144.svg","Bouvardia translucent flower vector illustration","bouvardia, opal, flower vector, floral vector, botanical illustration, transparent background, vector illustration, botanical, flower, floral, nature, translucent, luminous, glowing, gradient, geometric, abstract, decorative, elegant, modern, colorful, iridescent, prismatic, transparent, isolated, design element, digital art, scalable, editable, graphic, ornamental, botanical art, floral design, nature illustration, creative, contemporary, futuristic, visual design, background element, web design, branding, poster design, presentation, print design, wallpaper","14"
"145.svg","Bouvardia translucent flower vector illustration","bouvardia, velvet, flower vector, floral vector, botanical illustration, transparent background, vector illustration, botanical, flower, floral, nature, translucent, luminous, glowing, gradient, geometric, abstract, decorative, elegant, modern, colorful, iridescent, prismatic, transparent, isolated, design element, digital art, scalable, editable, graphic, ornamental, botanical art, floral design, nature illustration, creative, contemporary, futuristic, visual design, background element, web design, branding, poster design, presentation, print design, wallpaper","14"
"146.svg","Bouvardia translucent flower vector illustration","bouvardia, lumen, flower vector, floral vector, botanical illustration, transparent background, vector illustration, botanical, flower, floral, nature, translucent, luminous, glowing, gradient, geometric, abstract, decorative, elegant, modern, colorful, iridescent, prismatic, transparent, isolated, design element, digital art, scalable, editable, graphic, ornamental, botanical art, floral design, nature illustration, creative, contemporary, futuristic, visual design, background element, web design, branding, poster design, presentation, print design, wallpaper","14"
"147.svg","Bouvardia translucent flower vector illustration","bouvardia, mirage, flower vector, floral vector, botanical illustration, transparent background, vector illustration, botanical, flower, floral, nature, translucent, luminous, glowing, gradient, geometric, abstract, decorative, elegant, modern, colorful, iridescent, prismatic, transparent, isolated, design element, digital art, scalable, editable, graphic, ornamental, botanical art, floral design, nature illustration, creative, contemporary, futuristic, visual design, background element, web design, branding, poster design, presentation, print design, wallpaper","14"
"148.svg","Browallia translucent flower vector illustration","browallia, aurora, flower vector, floral vector, botanical illustration, transparent background, vector illustration, botanical, flower, floral, nature, translucent, luminous, glowing, gradient, geometric, abstract, decorative, elegant, modern, colorful, iridescent, prismatic, transparent, isolated, design element, digital art, scalable, editable, graphic, ornamental, botanical art, floral design, nature illustration, creative, contemporary, futuristic, visual design, background element, web design, branding, poster design, presentation, print design, wallpaper","14"
"149.svg","Browallia translucent flower vector illustration","browallia, opal, flower vector, floral vector, botanical illustration, transparent background, vector illustration, botanical, flower, floral, nature, translucent, luminous, glowing, gradient, geometric, abstract, decorative, elegant, modern, colorful, iridescent, prismatic, transparent, isolated, design element, digital art, scalable, editable, graphic, ornamental, botanical art, floral design, nature illustration, creative, contemporary, futuristic, visual design, background element, web design, branding, poster design, presentation, print design, wallpaper","14"
"150.svg","Browallia translucent flower vector illustration","browallia, velvet, flower vector, floral vector, botanical illustration, transparent background, vector illustration, botanical, flower, floral, nature, translucent, luminous, glowing, gradient, geometric, abstract, decorative, elegant, modern, colorful, iridescent, prismatic, transparent, isolated, design element, digital art, scalable, editable, graphic, ornamental, botanical art, floral design, nature illustration, creative, contemporary, futuristic, visual design, background element, web design, branding, poster design, presentation, print design, wallpaper","14"
"901.svg","Clivia translucent flower vector illustration","clivia, lumen, flower vector, floral vector, botanical illustration, transparent background, vector illustration, botanical, flower, floral, nature, translucent, luminous, glowing, gradient, geometric, abstract, decorative, elegant, modern, colorful, iridescent, prismatic, transparent, isolated, design element, digital art, scalable, editable, graphic, ornamental, botanical art, floral design, nature illustration, creative, contemporary, futuristic, visual design, background element, web design, branding, poster design, presentation, print design, wallpaper","14"
"902.svg","Clivia translucent flower vector illustration","clivia, mirage, flower vector, floral vector, botanical illustration, transparent background, vector illustration, botanical, flower, floral, nature, translucent, luminous, glowing, gradient, geometric, abstract, decorative, elegant, modern, colorful, iridescent, prismatic, transparent, isolated, design element, digital art, scalable, editable, graphic, ornamental, botanical art, floral design, nature illustration, creative, contemporary, futuristic, visual design, background element, web design, branding, poster design, presentation, print design, wallpaper","14"
"903.svg","Cloudberry Flower translucent flower vector illustration","cloudberry flower, aurora, flower vector, floral vector, botanical illustration, transparent background, vector illustration, botanical, flower, floral, nature, translucent, luminous, glowing, gradient, geometric, abstract, decorative, elegant, modern, colorful, iridescent, prismatic, transparent, isolated, design element, digital art, scalable, editable, graphic, ornamental, botanical art, floral design, nature illustration, creative, contemporary, futuristic, visual design, background element, web design, branding, poster design, presentation, print design, wallpaper","14"
"904.svg","Cloudberry Flower translucent flower vector illustration","cloudberry flower, opal, flower vector, floral vector, botanical illustration, transparent background, vector illustration, botanical, flower, floral, nature, translucent, luminous, glowing, gradient, geometric, abstract, decorative, elegant, modern, colorful, iridescent, prismatic, transparent, isolated, design element, digital art, scalable, editable, graphic, ornamental, botanical art, floral design, nature illustration, creative, contemporary, futuristic, visual design, background element, web design, branding, poster design, presentation, print design, wallpaper","14"
"905.svg","Cloudberry Flower translucent flower vector illustration","cloudberry flower, velvet, flower vector, floral vector, botanical illustration, transparent background, vector illustration, botanical, flower, floral, nature, translucent, luminous, glowing, gradient, geometric, abstract, decorative, elegant, modern, colorful, iridescent, prismatic, transparent, isolated, design element, digital art, scalable, editable, graphic, ornamental, botanical art, floral design, nature illustration, creative, contemporary, futuristic, visual design, background element, web design, branding, poster design, presentation, print design, wallpaper","14"
"906.svg","Cloudberry Flower translucent flower vector illustration","cloudberry flower, lumen, flower vector, floral vector, botanical illustration, transparent background, vector illustration, botanical, flower, floral, nature, translucent, luminous, glowing, gradient, geometric, abstract, decorative, elegant, modern, colorful, iridescent, prismatic, transparent, isolated, design element, digital art, scalable, editable, graphic, ornamental, botanical art, floral design, nature illustration, creative, contemporary, futuristic, visual design, background element, web design, branding, poster design, presentation, print design, wallpaper","14"
"907.svg","Cloudberry Flower translucent flower vector illustration","cloudberry flower, mirage, flower vector, floral vector, botanical illustration, transparent background, vector illustration, botanical, flower, floral, nature, translucent, luminous, glowing, gradient, geometric, abstract, decorative, elegant, modern, colorful, iridescent, prismatic, transparent, isolated, design element, digital art, scalable, editable, graphic, ornamental, botanical art, floral design, nature illustration, creative, contemporary, futuristic, visual design, background element, web design, branding, poster design, presentation, print design, wallpaper","14"
"908.svg","Cockscomb Cristata translucent flower vector illustration","cockscomb cristata, aurora, flower vector, floral vector, botanical illustration, transparent background, vector illustration, botanical, flower, floral, nature, translucent, luminous, glowing, gradient, geometric, abstract, decorative, elegant, modern, colorful, iridescent, prismatic, transparent, isolated, design element, digital art, scalable, editable, graphic, ornamental, botanical art, floral design, nature illustration, creative, contemporary, futuristic, visual design, background element, web design, branding, poster design, presentation, print design, wallpaper","14"
"909.svg","Cockscomb Cristata translucent flower vector illustration","cockscomb cristata, opal, flower vector, floral vector, botanical illustration, transparent background, vector illustration, botanical, flower, floral, nature, translucent, luminous, glowing, gradient, geometric, abstract, decorative, elegant, modern, colorful, iridescent, prismatic, transparent, isolated, design element, digital art, scalable, editable, graphic, ornamental, botanical art, floral design, nature illustration, creative, contemporary, futuristic, visual design, background element, web design, branding, poster design, presentation, print design, wallpaper","14"
"910.svg","Cockscomb Cristata translucent flower vector illustration","cockscomb cristata, velvet, flower vector, floral vector, botanical illustration, transparent background, vector illustration, botanical, flower, floral, nature, translucent, luminous, glowing, gradient, geometric, abstract, decorative, elegant, modern, colorful, iridescent, prismatic, transparent, isolated, design element, digital art, scalable, editable, graphic, ornamental, botanical art, floral design, nature illustration, creative, contemporary, futuristic, visual design, background element, web design, branding, poster design, presentation, print design, wallpaper","14"
"911.svg","Cockscomb Cristata translucent flower vector illustration","cockscomb cristata, lumen, flower vector, floral vector, botanical illustration, transparent background, vector illustration, botanical, flower, floral, nature, translucent, luminous, glowing, gradient, geometric, abstract, decorative, elegant, modern, colorful, iridescent, prismatic, transparent, isolated, design element, digital art, scalable, editable, graphic, ornamental, botanical art, floral design, nature illustration, creative, contemporary, futuristic, visual design, background element, web design, branding, poster design, presentation, print design, wallpaper","14"
"912.svg","Cockscomb Cristata translucent flower vector illustration","cockscomb cristata, mirage, flower vector, floral vector, botanical illustration, transparent background, vector illustration, botanical, flower, floral, nature, translucent, luminous, glowing, gradient, geometric, abstract, decorative, elegant, modern, colorful, iridescent, prismatic, transparent, isolated, design element, digital art, scalable, editable, graphic, ornamental, botanical art, floral design, nature illustration, creative, contemporary, futuristic, visual design, background element, web design, branding, poster design, presentation, print design, wallpaper","14"
"913.svg","Coffee Flower translucent flower vector illustration","coffee flower, aurora, flower vector, floral vector, botanical illustration, transparent background, vector illustration, botanical, flower, floral, nature, translucent, luminous, glowing, gradient, geometric, abstract, decorative, elegant, modern, colorful, iridescent, prismatic, transparent, isolated, design element, digital art, scalable, editable, graphic, ornamental, botanical art, floral design, nature illustration, creative, contemporary, futuristic, visual design, background element, web design, branding, poster design, presentation, print design, wallpaper","14"
"914.svg","Coffee Flower translucent flower vector illustration","coffee flower, opal, flower vector, floral vector, botanical illustration, transparent background, vector illustration, botanical, flower, floral, nature, translucent, luminous, glowing, gradient, geometric, abstract, decorative, elegant, modern, colorful, iridescent, prismatic, transparent, isolated, design element, digital art, scalable, editable, graphic, ornamental, botanical art, floral design, nature illustration, creative, contemporary, futuristic, visual design, background element, web design, branding, poster design, presentation, print design, wallpaper","14"
"915.svg","Coffee Flower translucent flower vector illustration","coffee flower, velvet, flower vector, floral vector, botanical illustration, transparent background, vector illustration, botanical, flower, floral, nature, translucent, luminous, glowing, gradient, geometric, abstract, decorative, elegant, modern, colorful, iridescent, prismatic, transparent, isolated, design element, digital art, scalable, editable, graphic, ornamental, botanical art, floral design, nature illustration, creative, contemporary, futuristic, visual design, background element, web design, branding, poster design, presentation, print design, wallpaper","14"
"916.svg","Coffee Flower translucent flower vector illustration","coffee flower, lumen, flower vector, floral vector, botanical illustration, transparent background, vector illustration, botanical, flower, floral, nature, translucent, luminous, glowing, gradient, geometric, abstract, decorative, elegant, modern, colorful, iridescent, prismatic, transparent, isolated, design element, digital art, scalable, editable, graphic, ornamental, botanical art, floral design, nature illustration, creative, contemporary, futuristic, visual design, background element, web design, branding, poster design, presentation, print design, wallpaper","14"
"917.svg","Coffee Flower translucent flower vector illustration","coffee flower, mirage, flower vector, floral vector, botanical illustration, transparent background, vector illustration, botanical, flower, floral, nature, translucent, luminous, glowing, gradient, geometric, abstract, decorative, elegant, modern, colorful, iridescent, prismatic, transparent, isolated, design element, digital art, scalable, editable, graphic, ornamental, botanical art, floral design, nature illustration, creative, contemporary, futuristic, visual design, background element, web design, branding, poster design, presentation, print design, wallpaper","14"
"918.svg","Comfrey Flower translucent flower vector illustration","comfrey flower, aurora, flower vector, floral vector, botanical illustration, transparent background, vector illustration, botanical, flower, floral, nature, translucent, luminous, glowing, gradient, geometric, abstract, decorative, elegant, modern, colorful, iridescent, prismatic, transparent, isolated, design element, digital art, scalable, editable, graphic, ornamental, botanical art, floral design, nature illustration, creative, contemporary, futuristic, visual design, background element, web design, branding, poster design, presentation, print design, wallpaper","14"
"919.svg","Comfrey Flower translucent flower vector illustration","comfrey flower, opal, flower vector, floral vector, botanical illustration, transparent background, vector illustration, botanical, flower, floral, nature, translucent, luminous, glowing, gradient, geometric, abstract, decorative, elegant, modern, colorful, iridescent, prismatic, transparent, isolated, design element, digital art, scalable, editable, graphic, ornamental, botanical art, floral design, nature illustration, creative, contemporary, futuristic, visual design, background element, web design, branding, poster design, presentation, print design, wallpaper","14"
"920.svg","Comfrey Flower translucent flower vector illustration","comfrey flower, velvet, flower vector, floral vector, botanical illustration, transparent background, vector illustration, botanical, flower, floral, nature, translucent, luminous, glowing, gradient, geometric, abstract, decorative, elegant, modern, colorful, iridescent, prismatic, transparent, isolated, design element, digital art, scalable, editable, graphic, ornamental, botanical art, floral design, nature illustration, creative, contemporary, futuristic, visual design, background element, web design, branding, poster design, presentation, print design, wallpaper","14"
"921.svg","Comfrey Flower translucent flower vector illustration","comfrey flower, lumen, flower vector, floral vector, botanical illustration, transparent background, vector illustration, botanical, flower, floral, nature, translucent, luminous, glowing, gradient, geometric, abstract, decorative, elegant, modern, colorful, iridescent, prismatic, transparent, isolated, design element, digital art, scalable, editable, graphic, ornamental, botanical art, floral design, nature illustration, creative, contemporary, futuristic, visual design, background element, web design, branding, poster design, presentation, print design, wallpaper","14"
"922.svg","Comfrey Flower translucent flower vector illustration","comfrey flower, mirage, flower vector, floral vector, botanical illustration, transparent background, vector illustration, botanical, flower, floral, nature, translucent, luminous, glowing, gradient, geometric, abstract, decorative, elegant, modern, colorful, iridescent, prismatic, transparent, isolated, design element, digital art, scalable, editable, graphic, ornamental, botanical art, floral design, nature illustration, creative, contemporary, futuristic, visual design, background element, web design, branding, poster design, presentation, print design, wallpaper","14"
"923.svg","Coral Bells Flower translucent flower vector illustration","coral bells flower, aurora, flower vector, floral vector, botanical illustration, transparent background, vector illustration, botanical, flower, floral, nature, translucent, luminous, glowing, gradient, geometric, abstract, decorative, elegant, modern, colorful, iridescent, prismatic, transparent, isolated, design element, digital art, scalable, editable, graphic, ornamental, botanical art, floral design, nature illustration, creative, contemporary, futuristic, visual design, background element, web design, branding, poster design, presentation, print design, wallpaper","14"
"924.svg","Coral Bells Flower translucent flower vector illustration","coral bells flower, opal, flower vector, floral vector, botanical illustration, transparent background, vector illustration, botanical, flower, floral, nature, translucent, luminous, glowing, gradient, geometric, abstract, decorative, elegant, modern, colorful, iridescent, prismatic, transparent, isolated, design element, digital art, scalable, editable, graphic, ornamental, botanical art, floral design, nature illustration, creative, contemporary, futuristic, visual design, background element, web design, branding, poster design, presentation, print design, wallpaper","14"
"925.svg","Coral Bells Flower translucent flower vector illustration","coral bells flower, velvet, flower vector, floral vector, botanical illustration, transparent background, vector illustration, botanical, flower, floral, nature, translucent, luminous, glowing, gradient, geometric, abstract, decorative, elegant, modern, colorful, iridescent, prismatic, transparent, isolated, design element, digital art, scalable, editable, graphic, ornamental, botanical art, floral design, nature illustration, creative, contemporary, futuristic, visual design, background element, web design, branding, poster design, presentation, print design, wallpaper","14"
"926.svg","Coral Bells Flower translucent flower vector illustration","coral bells flower, lumen, flower vector, floral vector, botanical illustration, transparent background, vector illustration, botanical, flower, floral, nature, translucent, luminous, glowing, gradient, geometric, abstract, decorative, elegant, modern, colorful, iridescent, prismatic, transparent, isolated, design element, digital art, scalable, editable, graphic, ornamental, botanical art, floral design, nature illustration, creative, contemporary, futuristic, visual design, background element, web design, branding, poster design, presentation, print design, wallpaper","14"
"927.svg","Coral Bells Flower translucent flower vector illustration","coral bells flower, mirage, flower vector, floral vector, botanical illustration, transparent background, vector illustration, botanical, flower, floral, nature, translucent, luminous, glowing, gradient, geometric, abstract, decorative, elegant, modern, colorful, iridescent, prismatic, transparent, isolated, design element, digital art, scalable, editable, graphic, ornamental, botanical art, floral design, nature illustration, creative, contemporary, futuristic, visual design, background element, web design, branding, poster design, presentation, print design, wallpaper","14"
"928.svg","Coral Vine translucent flower vector illustration","coral vine, aurora, flower vector, floral vector, botanical illustration, transparent background, vector illustration, botanical, flower, floral, nature, translucent, luminous, glowing, gradient, geometric, abstract, decorative, elegant, modern, colorful, iridescent, prismatic, transparent, isolated, design element, digital art, scalable, editable, graphic, ornamental, botanical art, floral design, nature illustration, creative, contemporary, futuristic, visual design, background element, web design, branding, poster design, presentation, print design, wallpaper","14"
"929.svg","Coral Vine translucent flower vector illustration","coral vine, opal, flower vector, floral vector, botanical illustration, transparent background, vector illustration, botanical, flower, floral, nature, translucent, luminous, glowing, gradient, geometric, abstract, decorative, elegant, modern, colorful, iridescent, prismatic, transparent, isolated, design element, digital art, scalable, editable, graphic, ornamental, botanical art, floral design, nature illustration, creative, contemporary, futuristic, visual design, background element, web design, branding, poster design, presentation, print design, wallpaper","14"
"930.svg","Coral Vine translucent flower vector illustration","coral vine, velvet, flower vector, floral vector, botanical illustration, transparent background, vector illustration, botanical, flower, floral, nature, translucent, luminous, glowing, gradient, geometric, abstract, decorative, elegant, modern, colorful, iridescent, prismatic, transparent, isolated, design element, digital art, scalable, editable, graphic, ornamental, botanical art, floral design, nature illustration, creative, contemporary, futuristic, visual design, background element, web design, branding, poster design, presentation, print design, wallpaper","14"
"931.svg","Coral Vine translucent flower vector illustration","coral vine, lumen, flower vector, floral vector, botanical illustration, transparent background, vector illustration, botanical, flower, floral, nature, translucent, luminous, glowing, gradient, geometric, abstract, decorative, elegant, modern, colorful, iridescent, prismatic, transparent, isolated, design element, digital art, scalable, editable, graphic, ornamental, botanical art, floral design, nature illustration, creative, contemporary, futuristic, visual design, background element, web design, branding, poster design, presentation, print design, wallpaper","14"
"932.svg","Coral Vine translucent flower vector illustration","coral vine, mirage, flower vector, floral vector, botanical illustration, transparent background, vector illustration, botanical, flower, floral, nature, translucent, luminous, glowing, gradient, geometric, abstract, decorative, elegant, modern, colorful, iridescent, prismatic, transparent, isolated, design element, digital art, scalable, editable, graphic, ornamental, botanical art, floral design, nature illustration, creative, contemporary, futuristic, visual design, background element, web design, branding, poster design, presentation, print design, wallpaper","14"
"933.svg","Corydalis translucent flower vector illustration","corydalis, aurora, flower vector, floral vector, botanical illustration, transparent background, vector illustration, botanical, flower, floral, nature, translucent, luminous, glowing, gradient, geometric, abstract, decorative, elegant, modern, colorful, iridescent, prismatic, transparent, isolated, design element, digital art, scalable, editable, graphic, ornamental, botanical art, floral design, nature illustration, creative, contemporary, futuristic, visual design, background element, web design, branding, poster design, presentation, print design, wallpaper","14"
"934.svg","Corydalis translucent flower vector illustration","corydalis, opal, flower vector, floral vector, botanical illustration, transparent background, vector illustration, botanical, flower, floral, nature, translucent, luminous, glowing, gradient, geometric, abstract, decorative, elegant, modern, colorful, iridescent, prismatic, transparent, isolated, design element, digital art, scalable, editable, graphic, ornamental, botanical art, floral design, nature illustration, creative, contemporary, futuristic, visual design, background element, web design, branding, poster design, presentation, print design, wallpaper","14"
"935.svg","Corydalis translucent flower vector illustration","corydalis, velvet, flower vector, floral vector, botanical illustration, transparent background, vector illustration, botanical, flower, floral, nature, translucent, luminous, glowing, gradient, geometric, abstract, decorative, elegant, modern, colorful, iridescent, prismatic, transparent, isolated, design element, digital art, scalable, editable, graphic, ornamental, botanical art, floral design, nature illustration, creative, contemporary, futuristic, visual design, background element, web design, branding, poster design, presentation, print design, wallpaper","14"
"936.svg","Corydalis translucent flower vector illustration","corydalis, lumen, flower vector, floral vector, botanical illustration, transparent background, vector illustration, botanical, flower, floral, nature, translucent, luminous, glowing, gradient, geometric, abstract, decorative, elegant, modern, colorful, iridescent, prismatic, transparent, isolated, design element, digital art, scalable, editable, graphic, ornamental, botanical art, floral design, nature illustration, creative, contemporary, futuristic, visual design, background element, web design, branding, poster design, presentation, print design, wallpaper","14"
"937.svg","Corydalis translucent flower vector illustration","corydalis, mirage, flower vector, floral vector, botanical illustration, transparent background, vector illustration, botanical, flower, floral, nature, translucent, luminous, glowing, gradient, geometric, abstract, decorative, elegant, modern, colorful, iridescent, prismatic, transparent, isolated, design element, digital art, scalable, editable, graphic, ornamental, botanical art, floral design, nature illustration, creative, contemporary, futuristic, visual design, background element, web design, branding, poster design, presentation, print design, wallpaper","14"
"938.svg","Snowflake translucent Christmas vector illustration","snowflake, aurora, flower vector, floral vector, botanical illustration, transparent background, vector illustration, holiday, Christmas, festive, winter, seasonal, translucent, luminous, glowing, gradient, geometric, abstract, decorative, elegant, colorful, iridescent, prismatic, transparent, isolated, design element, digital art, scalable, editable, graphic, ornamental, celebration, Christmas decoration, holiday design, seasonal design, creative, contemporary, futuristic, visual design, background element, web design, branding, poster design, presentation, print design","15"
"939.svg","Ornament translucent Christmas vector illustration","ornament, velvet, flower vector, floral vector, botanical illustration, transparent background, vector illustration, holiday, Christmas, festive, winter, seasonal, translucent, luminous, glowing, gradient, geometric, abstract, decorative, elegant, colorful, iridescent, prismatic, transparent, isolated, design element, digital art, scalable, editable, graphic, ornamental, celebration, Christmas decoration, holiday design, seasonal design, creative, contemporary, futuristic, visual design, background element, web design, branding, poster design, presentation, print design","15"
"940.svg","Candy Cane translucent Christmas vector illustration","candy cane, flower vector, floral vector, botanical illustration, transparent background, vector illustration, holiday, Christmas, festive, winter, seasonal, translucent, luminous, glowing, gradient, geometric, abstract, decorative, elegant, colorful, iridescent, prismatic, transparent, isolated, design element, digital art, scalable, editable, graphic, ornamental, celebration, Christmas decoration, holiday design, seasonal design, creative, contemporary, futuristic, visual design, background element, web design, branding, poster design, presentation, print design, wallpaper","15"
"941.svg","Holly Ember translucent Christmas vector illustration","holly ember, flower vector, floral vector, botanical illustration, transparent background, vector illustration, holiday, Christmas, festive, winter, seasonal, translucent, luminous, glowing, gradient, geometric, abstract, decorative, elegant, colorful, iridescent, prismatic, transparent, isolated, design element, digital art, scalable, editable, graphic, ornamental, celebration, Christmas decoration, holiday design, seasonal design, creative, contemporary, futuristic, visual design, background element, web design, branding, poster design, presentation, print design, wallpaper","15"
"942.svg","Christmas Star translucent Christmas vector illustration","christmas star, flower vector, floral vector, botanical illustration, transparent background, vector illustration, holiday, Christmas, festive, winter, seasonal, translucent, luminous, glowing, gradient, geometric, abstract, decorative, elegant, colorful, iridescent, prismatic, transparent, isolated, design element, digital art, scalable, editable, graphic, ornamental, celebration, Christmas decoration, holiday design, seasonal design, creative, contemporary, futuristic, visual design, background element, web design, branding, poster design, presentation, print design, wallpaper","15"
"943.svg","Frost Wreath translucent Christmas vector illustration","frost wreath, flower vector, floral vector, botanical illustration, transparent background, vector illustration, holiday, Christmas, festive, winter, seasonal, translucent, luminous, glowing, gradient, geometric, abstract, decorative, elegant, colorful, iridescent, prismatic, transparent, isolated, design element, digital art, scalable, editable, graphic, ornamental, celebration, Christmas decoration, holiday design, seasonal design, creative, contemporary, futuristic, visual design, background element, web design, branding, poster design, presentation, print design, wallpaper","15"
"944.svg","Gift Bow translucent Christmas vector illustration","gift bow, flower vector, floral vector, botanical illustration, transparent background, vector illustration, holiday, Christmas, festive, winter, seasonal, translucent, luminous, glowing, gradient, geometric, abstract, decorative, elegant, colorful, iridescent, prismatic, transparent, isolated, design element, digital art, scalable, editable, graphic, ornamental, celebration, Christmas decoration, holiday design, seasonal design, creative, contemporary, futuristic, visual design, background element, web design, branding, poster design, presentation, print design, wallpaper","15"
"945.svg","Icicle Halo translucent Christmas vector illustration","icicle halo, flower vector, floral vector, botanical illustration, transparent background, vector illustration, holiday, Christmas, festive, winter, seasonal, translucent, luminous, glowing, gradient, geometric, abstract, decorative, elegant, colorful, iridescent, prismatic, transparent, isolated, design element, digital art, scalable, editable, graphic, ornamental, celebration, Christmas decoration, holiday design, seasonal design, creative, contemporary, futuristic, visual design, background element, web design, branding, poster design, presentation, print design, wallpaper","15"
"946.svg","Jingle Bell translucent Christmas vector illustration","jingle bell, flower vector, floral vector, botanical illustration, transparent background, vector illustration, holiday, Christmas, festive, winter, seasonal, translucent, luminous, glowing, gradient, geometric, abstract, decorative, elegant, colorful, iridescent, prismatic, transparent, isolated, design element, digital art, scalable, editable, graphic, ornamental, celebration, Christmas decoration, holiday design, seasonal design, creative, contemporary, futuristic, visual design, background element, web design, branding, poster design, presentation, print design, wallpaper","15"
"947.svg","North Star translucent Christmas vector illustration","north star, flower vector, floral vector, botanical illustration, transparent background, vector illustration, holiday, Christmas, festive, winter, seasonal, translucent, luminous, glowing, gradient, geometric, abstract, decorative, elegant, colorful, iridescent, prismatic, transparent, isolated, design element, digital art, scalable, editable, graphic, ornamental, celebration, Christmas decoration, holiday design, seasonal design, creative, contemporary, futuristic, visual design, background element, web design, branding, poster design, presentation, print design, wallpaper","15"
